<?xml version="1.0" encoding="utf-8" standalone="yes"?><rss version="2.0" xmlns:atom="http://www.w3.org/2005/Atom"><channel><title>quotes on buywedding1</title><link>https://buywedding1.netlify.app/tags/quotes/</link><description>Recent content in quotes on buywedding1</description><generator>Hugo -- gohugo.io</generator><lastBuildDate>Sat, 03 Aug 2024 00:00:00 +0000</lastBuildDate><atom:link href="https://buywedding1.netlify.app/tags/quotes/rss.xml" rel="self" type="application/rss+xml"/><item><title>Great Teddy Roosevelt Quotes Mistake of the decade Learn more here</title><link>https://buywedding1.netlify.app/teddy-roosevelt-quotes-mistake/</link><pubDate>Sat, 03 Aug 2024 00:00:00 +0000</pubDate><guid>https://buywedding1.netlify.app/teddy-roosevelt-quotes-mistake/</guid><description>Theodore Roosevelt once said, &amp;ldquo;The only man who never makes a mistake is the man who never does anything.&amp;rdquo; This quote resonates with people all over the world because it reminds us that making mistakes is a natural part of life.</description></item><item><title>Great Michael Scott Wedding Quotes in the world Don t miss out</title><link>https://buywedding1.netlify.app/michael-scott-wedding-quotes/</link><pubDate>Thu, 01 Aug 2024 00:00:00 +0000</pubDate><guid>https://buywedding1.netlify.app/michael-scott-wedding-quotes/</guid><description>If you&amp;rsquo;re a fan of the popular TV show, The Office, then you&amp;rsquo;re likely familiar with the hilarious character Michael Scott and his unique quotes.</description></item><item><title>Top Lord Of The Flies Chapter 7 Quotes in 2023 Check it out now</title><link>https://buywedding1.netlify.app/lord-of-the-flies-chapter-7-quotes/</link><pubDate>Wed, 31 Jul 2024 00:00:00 +0000</pubDate><guid>https://buywedding1.netlify.app/lord-of-the-flies-chapter-7-quotes/</guid><description>Lord Of The Flies Chapter 7 Quotes is a timeless classic that continues to captivate audiences with its raw and powerful portrayal of human nature.</description></item><item><title>Great Happy Summer Solstice Quotes in 2023 Don t miss out</title><link>https://buywedding1.netlify.app/happy-summer-solstice-quotes/</link><pubDate>Tue, 30 Jul 2024 00:00:00 +0000</pubDate><guid>https://buywedding1.netlify.app/happy-summer-solstice-quotes/</guid><description>Happy Summer Solstice Quotes are a great way to celebrate the longest day of the year. This day marks the official beginning of summer and is a time when people from around the world come together to celebrate.</description></item><item><title> Lord Of The Flies Savagery Quotes of all time Learn more here</title><link>https://buywedding1.netlify.app/lord-of-the-flies-savagery-quotes/</link><pubDate>Mon, 29 Jul 2024 00:00:00 +0000</pubDate><guid>https://buywedding1.netlify.app/lord-of-the-flies-savagery-quotes/</guid><description>Are you looking for powerful quotes about savagery in Lord Of The Flies? Look no further! In this post, we will explore some of the most impactful quotes from the novel and what they mean for the characters and the themes of the story.</description></item><item><title>Best Tom Petty Quotes in the year 2023 Don t miss out</title><link>https://buywedding1.netlify.app/tom-petty-quotes/</link><pubDate>Sun, 28 Jul 2024 00:00:00 +0000</pubDate><guid>https://buywedding1.netlify.app/tom-petty-quotes/</guid><description>Tom Petty was an American musician, singer, and songwriter known for his unique style of rock and roll. His music has inspired and influenced generations, and his legacy lives on through his iconic quotes.</description></item><item><title>Great Heartache Love Quotes of all time Don t miss out</title><link>https://buywedding1.netlify.app/heartache-love-quotes/</link><pubDate>Thu, 25 Jul 2024 00:00:00 +0000</pubDate><guid>https://buywedding1.netlify.app/heartache-love-quotes/</guid><description>Heartache Love Quotes are one of the most relatable topics that touch the hearts of millions around the world. Heartache is a feeling that everyone experiences at least once in their lifetime.</description></item><item><title>Amazing Don t Doubt My Love Quotes in 2023 The ultimate guide</title><link>https://buywedding1.netlify.app/dont-doubt-my-love-quotes/</link><pubDate>Mon, 22 Jul 2024 00:00:00 +0000</pubDate><guid>https://buywedding1.netlify.app/dont-doubt-my-love-quotes/</guid><description>Don&amp;rsquo;t Doubt My Love Quotes have been around for ages and continue to provide solace and comfort to those who need it.</description></item><item><title> Tragic Hero Quotes Oedipus Rex in the world The ultimate guide</title><link>https://buywedding1.netlify.app/tragic-hero-quotes-oedipus-rex/</link><pubDate>Fri, 19 Jul 2024 00:00:00 +0000</pubDate><guid>https://buywedding1.netlify.app/tragic-hero-quotes-oedipus-rex/</guid><description>Oedipus Rex, one of the greatest tragedies of Greek literature, is full of quotes and phrases that have become a part of modern language.</description></item><item><title>Top Walt Whitman Quotes Youth in the world Learn more here</title><link>https://buywedding1.netlify.app/walt-whitman-quotes-youth/</link><pubDate>Fri, 19 Jul 2024 00:00:00 +0000</pubDate><guid>https://buywedding1.netlify.app/walt-whitman-quotes-youth/</guid><description>If you&amp;rsquo;re a fan of poetry, chances are you&amp;rsquo;ve heard of Walt Whitman. He&amp;rsquo;s known for his beautifully crafted verses that speak to the soul.</description></item><item><title>Best Happy New Month Quotes For June Check it out now</title><link>https://buywedding1.netlify.app/happy-new-month-quotes-for-june/</link><pubDate>Tue, 16 Jul 2024 00:00:00 +0000</pubDate><guid>https://buywedding1.netlify.app/happy-new-month-quotes-for-june/</guid><description>If you&amp;rsquo;re looking for a way to kick off the start of June, Happy New Month Quotes For June could be exactly what you need.</description></item><item><title>Top Cody Rigsby Britney Quotes in the world Don t miss out</title><link>https://buywedding1.netlify.app/cody-rigsby-britney-quotes/</link><pubDate>Tue, 16 Jul 2024 00:00:00 +0000</pubDate><guid>https://buywedding1.netlify.app/cody-rigsby-britney-quotes/</guid><description>If you are a fan of Cody Rigsby and Britney Spears, then you have probably come across some of the most inspiring Cody Rigsby Britney Quotes that have left you feeling energized and empowered.</description></item><item><title> Carl Spackler Quotes Check it out now</title><link>https://buywedding1.netlify.app/carl-spackler-quotes/</link><pubDate>Thu, 11 Jul 2024 00:00:00 +0000</pubDate><guid>https://buywedding1.netlify.app/carl-spackler-quotes/</guid><description>Carl Spackler is an iconic character played by Bill Murray in the golf comedy film, Caddyshack, who has a plethora of famous quotes.</description></item><item><title>Best Funny Quotes About Strength Quotesgram in the year 2023 Don t miss out</title><link>https://buywedding1.netlify.app/funny-quotes-about-strength-quotesgram/</link><pubDate>Wed, 10 Jul 2024 00:00:00 +0000</pubDate><guid>https://buywedding1.netlify.app/funny-quotes-about-strength-quotesgram/</guid><description>Funny quotes are a great way to lighten up someone&amp;rsquo;s day, especially when they are about strength. Strength is a crucial aspect of life that we all need to possess, whether it be physical or mental.</description></item><item><title> Wedding Anniversary Quotes Spiritual of all time The ultimate guide</title><link>https://buywedding1.netlify.app/wedding-anniversary-quotes-spiritual/</link><pubDate>Tue, 09 Jul 2024 00:00:00 +0000</pubDate><guid>https://buywedding1.netlify.app/wedding-anniversary-quotes-spiritual/</guid><description>Wedding anniversaries are important milestones in a couple&amp;rsquo;s life, and what better way to celebrate than with spiritual quotes that capture the essence of love and commitment.</description></item><item><title> Quotes Ulang Tahun Islami Untuk Diri Sendiri of the decade Check it out now</title><link>https://buywedding1.netlify.app/quotes-ulang-tahun-islami-untuk-diri-sendiri/</link><pubDate>Fri, 05 Jul 2024 00:00:00 +0000</pubDate><guid>https://buywedding1.netlify.app/quotes-ulang-tahun-islami-untuk-diri-sendiri/</guid><description>If you&amp;rsquo;re looking for a way to celebrate your birthday with a deeper spiritual meaning, then Quotes Ulang Tahun Islami Untuk Diri Sendiri could be the answer.</description></item><item><title>Top Motivational Quote Of The Day 2019 in 2023 Learn more here</title><link>https://buywedding1.netlify.app/motivational-quote-of-the-day-2019/</link><pubDate>Thu, 04 Jul 2024 00:00:00 +0000</pubDate><guid>https://buywedding1.netlify.app/motivational-quote-of-the-day-2019/</guid><description>Are you feeling overwhelmed or lacking motivation? Do you need a daily dose of inspiration to get you through the day?</description></item><item><title>Best Quotes About Men Pursuing Women in the world Check it out now</title><link>https://buywedding1.netlify.app/quotes-about-men-pursuing-women/</link><pubDate>Mon, 01 Jul 2024 00:00:00 +0000</pubDate><guid>https://buywedding1.netlify.app/quotes-about-men-pursuing-women/</guid><description>Have you ever wondered what influential people have said about men pursuing women? Whether you&amp;rsquo;re a man looking to chase after a woman or a woman wondering how to react to an eager suitor, these quotes shed light on the intricacies of pursuing and being pursued.</description></item><item><title>Great Good Character Quotes Images The ultimate guide</title><link>https://buywedding1.netlify.app/good-character-quotes-images/</link><pubDate>Sun, 30 Jun 2024 00:00:00 +0000</pubDate><guid>https://buywedding1.netlify.app/good-character-quotes-images/</guid><description>Good character is one of the most important qualities a person can possess. It encompasses traits such as honesty, integrity, kindness, and empathy.</description></item><item><title>Great Independence Day Movie Quotes of the decade Don t miss out</title><link>https://buywedding1.netlify.app/independence-day-movie-quotes/</link><pubDate>Wed, 26 Jun 2024 00:00:00 +0000</pubDate><guid>https://buywedding1.netlify.app/independence-day-movie-quotes/</guid><description>Independence Day Movie Quotes have been a favorite among fans since the movie&amp;rsquo;s release in 1996. Its iconic &amp;ldquo;Welcome to Earth&amp;rdquo; line by Will Smith and President Whitmore&amp;rsquo;s inspirational speech have become part of pop culture, and people still love to quote them.</description></item><item><title>Best Hinata Wallpaper Hd of the decade Check it out now</title><link>https://buywedding1.netlify.app/hinata-wallpaper-hd/</link><pubDate>Sun, 23 Jun 2024 00:00:00 +0000</pubDate><guid>https://buywedding1.netlify.app/hinata-wallpaper-hd/</guid><description>If you&amp;rsquo;re a fan of Hinata Hyuga from the anime series Naruto, then you&amp;rsquo;ll love Hinata Wallpaper Hd. With a variety of beautifully designed wallpapers featuring Hinata, you&amp;rsquo;ll be able to show off your love for the character and add some flair to your desktop or mobile device.</description></item><item><title>Top Hamlet Friendship With Horatio Quotes in the year 2023 Don t miss out</title><link>https://buywedding1.netlify.app/hamlet-friendship-with-horatio-quotes/</link><pubDate>Sat, 22 Jun 2024 00:00:00 +0000</pubDate><guid>https://buywedding1.netlify.app/hamlet-friendship-with-horatio-quotes/</guid><description>Discover the beauty and depth of Hamlet Friendship With Horatio Quotes.
Hamlet Friendship With Horatio Quotes: A Timeless Bonding of FriendshipShakespeare&amp;rsquo;s play &amp;ldquo;Hamlet&amp;rdquo; revolves around the relationships between the main characters, including the protagonist Prince Hamlet, his love interest Ophelia, and his best friend Horatio.</description></item><item><title>Great How To Cite A Quote From An Article In Mla Format in the world The ultimate guide</title><link>https://buywedding1.netlify.app/how-to-cite-a-quote-from-an-article-in-mla-format/</link><pubDate>Wed, 19 Jun 2024 00:00:00 +0000</pubDate><guid>https://buywedding1.netlify.app/how-to-cite-a-quote-from-an-article-in-mla-format/</guid><description>If you are a student or a writer, citing sources is an essential part of your work. The Modern Language Association (MLA) is the preferred citation style for the humanities, including literature, history, and philosophy.</description></item><item><title>Top Funny Quotes Law Students The ultimate guide</title><link>https://buywedding1.netlify.app/funny-quotes-law-students/</link><pubDate>Sun, 16 Jun 2024 00:00:00 +0000</pubDate><guid>https://buywedding1.netlify.app/funny-quotes-law-students/</guid><description>If you&amp;rsquo;re a law student, you know that law school can be stressful. With long hours of studying, endless case readings, and the fear of exams looming over your head, it&amp;rsquo;s no wonder that law students sometimes need a good laugh.</description></item><item><title>Amazing Ac Valhalla Quote Lincolnshire in the year 2023 Learn more here</title><link>https://buywedding1.netlify.app/ac-valhalla-quote-lincolnshire/</link><pubDate>Thu, 13 Jun 2024 00:00:00 +0000</pubDate><guid>https://buywedding1.netlify.app/ac-valhalla-quote-lincolnshire/</guid><description>Are you a fan of Assassin&amp;rsquo;s Creed Valhalla and looking for the Lincolnshire treasure hoard location or artifact locations? Look no further!</description></item><item><title>Amazing Good Morning Ego Quotes In Hindi The ultimate guide</title><link>https://buywedding1.netlify.app/good-morning-ego-quotes-in-hindi/</link><pubDate>Wed, 12 Jun 2024 00:00:00 +0000</pubDate><guid>https://buywedding1.netlify.app/good-morning-ego-quotes-in-hindi/</guid><description>If you are looking for some inspirational and motivational words to kick off your day in a positive direction, then Good Morning Ego Quotes In Hindi might be exactly what you need.</description></item><item><title>Top Antigone Creon Quotes of the decade Learn more here</title><link>https://buywedding1.netlify.app/antigone-creon-quotes/</link><pubDate>Tue, 11 Jun 2024 00:00:00 +0000</pubDate><guid>https://buywedding1.netlify.app/antigone-creon-quotes/</guid><description>Antigone Creon Quotes have long been considered some of the most profound and thought-provoking lines in literature. These quotes encapsulate the struggle between man and society, right and wrong, and the consequences of one&amp;rsquo;s actions.</description></item><item><title>Top Kim Jong Un Quotes in 2023 Check it out now</title><link>https://buywedding1.netlify.app/kim-jong-un-quotes/</link><pubDate>Tue, 11 Jun 2024 00:00:00 +0000</pubDate><guid>https://buywedding1.netlify.app/kim-jong-un-quotes/</guid><description>Kim Jong Un, the supreme leader of North Korea, is widely known for his controversial statements. His quotes have been the subject of much debate and analysis, with some praising his wisdom and others condemning his rhetoric.</description></item><item><title>Top Strong Like Bull Movie Quote of all time Don t miss out</title><link>https://buywedding1.netlify.app/strong-like-bull-movie-quote/</link><pubDate>Thu, 06 Jun 2024 00:00:00 +0000</pubDate><guid>https://buywedding1.netlify.app/strong-like-bull-movie-quote/</guid><description>Do you remember that catchy phrase from the movie &amp;ldquo;There&amp;rsquo;s Something About Mary&amp;rdquo; where Matt Dillon&amp;rsquo;s character, Healy, boasts about his strength and resilience with the words &amp;ldquo;Strong Like Bull&amp;rdquo;?</description></item><item><title>Amazing Geet Free Quotes From Freelancers Now in the world Don t miss out</title><link>https://buywedding1.netlify.app/geet-free-quotes-from-freelancers-now/</link><pubDate>Tue, 04 Jun 2024 00:00:00 +0000</pubDate><guid>https://buywedding1.netlify.app/geet-free-quotes-from-freelancers-now/</guid><description>Are you a freelancer struggling to stay motivated? Do you find yourself constantly in need of inspiration to get through the work day?</description></item></channel></rss>