<?xml version="1.0" encoding="utf-8" standalone="yes"?><rss version="2.0" xmlns:atom="http://www.w3.org/2005/Atom"><channel><title>buywedding1</title><link>https://buywedding1.netlify.app/</link><description>Recent content on buywedding1</description><generator>Hugo -- gohugo.io</generator><lastBuildDate>Sat, 03 Aug 2024 00:00:00 +0000</lastBuildDate><atom:link href="https://buywedding1.netlify.app/rss.xml" rel="self" type="application/rss+xml"/><item><title>Great Teddy Roosevelt Quotes Mistake of the decade Learn more here</title><link>https://buywedding1.netlify.app/teddy-roosevelt-quotes-mistake/</link><pubDate>Sat, 03 Aug 2024 00:00:00 +0000</pubDate><guid>https://buywedding1.netlify.app/teddy-roosevelt-quotes-mistake/</guid><description>Theodore Roosevelt once said, &amp;ldquo;The only man who never makes a mistake is the man who never does anything.&amp;rdquo; This quote resonates with people all over the world because it reminds us that making mistakes is a natural part of life.</description></item><item><title>Amazing Happy Fathers Day Brother Quotes in the world Learn more here</title><link>https://buywedding1.netlify.app/happy-fathers-day-brother-quotes/</link><pubDate>Thu, 01 Aug 2024 00:00:00 +0000</pubDate><guid>https://buywedding1.netlify.app/happy-fathers-day-brother-quotes/</guid><description>Happy Father&amp;rsquo;s Day is a special day to recognize and appreciate the love and sacrifices of our fathers. It is a day to cherish the bond between fathers and children.</description></item><item><title>Great Michael Scott Wedding Quotes in the world Don t miss out</title><link>https://buywedding1.netlify.app/michael-scott-wedding-quotes/</link><pubDate>Thu, 01 Aug 2024 00:00:00 +0000</pubDate><guid>https://buywedding1.netlify.app/michael-scott-wedding-quotes/</guid><description>If you&amp;rsquo;re a fan of the popular TV show, The Office, then you&amp;rsquo;re likely familiar with the hilarious character Michael Scott and his unique quotes.</description></item><item><title>Top Lord Of The Flies Chapter 7 Quotes in 2023 Check it out now</title><link>https://buywedding1.netlify.app/lord-of-the-flies-chapter-7-quotes/</link><pubDate>Wed, 31 Jul 2024 00:00:00 +0000</pubDate><guid>https://buywedding1.netlify.app/lord-of-the-flies-chapter-7-quotes/</guid><description>Lord Of The Flies Chapter 7 Quotes is a timeless classic that continues to captivate audiences with its raw and powerful portrayal of human nature.</description></item><item><title>Great Happy Summer Solstice Quotes in 2023 Don t miss out</title><link>https://buywedding1.netlify.app/happy-summer-solstice-quotes/</link><pubDate>Tue, 30 Jul 2024 00:00:00 +0000</pubDate><guid>https://buywedding1.netlify.app/happy-summer-solstice-quotes/</guid><description>Happy Summer Solstice Quotes are a great way to celebrate the longest day of the year. This day marks the official beginning of summer and is a time when people from around the world come together to celebrate.</description></item><item><title> Lord Of The Flies Savagery Quotes of all time Learn more here</title><link>https://buywedding1.netlify.app/lord-of-the-flies-savagery-quotes/</link><pubDate>Mon, 29 Jul 2024 00:00:00 +0000</pubDate><guid>https://buywedding1.netlify.app/lord-of-the-flies-savagery-quotes/</guid><description>Are you looking for powerful quotes about savagery in Lord Of The Flies? Look no further! In this post, we will explore some of the most impactful quotes from the novel and what they mean for the characters and the themes of the story.</description></item><item><title>Best Tom Petty Quotes in the year 2023 Don t miss out</title><link>https://buywedding1.netlify.app/tom-petty-quotes/</link><pubDate>Sun, 28 Jul 2024 00:00:00 +0000</pubDate><guid>https://buywedding1.netlify.app/tom-petty-quotes/</guid><description>Tom Petty was an American musician, singer, and songwriter known for his unique style of rock and roll. His music has inspired and influenced generations, and his legacy lives on through his iconic quotes.</description></item><item><title>Best Apeach Kakao Desktop Wallpaper The ultimate guide</title><link>https://buywedding1.netlify.app/apeach-kakao-desktop-wallpaper/</link><pubDate>Sat, 27 Jul 2024 00:00:00 +0000</pubDate><guid>https://buywedding1.netlify.app/apeach-kakao-desktop-wallpaper/</guid><description>If you&amp;rsquo;re looking to spice up your desktop background, Apeach Kakao Desktop Wallpaper might be just what you need. These adorable wallpapers featuring Apeach and other Kakao Friends characters are the perfect way to bring some fun and cuteness to your computer screen.</description></item><item><title>Great Geico Car Insurance Quote Calculator of all time Learn more here</title><link>https://buywedding1.netlify.app/geico-car-insurance-quote-calculator/</link><pubDate>Sat, 27 Jul 2024 00:00:00 +0000</pubDate><guid>https://buywedding1.netlify.app/geico-car-insurance-quote-calculator/</guid><description>Are you in the market for car insurance? With so many options available, it can be overwhelming to choose the right one.</description></item><item><title>Best Famous Short Quotes To Live By of all time Check it out now</title><link>https://buywedding1.netlify.app/famous-short-quotes-to-live-by/</link><pubDate>Thu, 25 Jul 2024 00:00:00 +0000</pubDate><guid>https://buywedding1.netlify.app/famous-short-quotes-to-live-by/</guid><description>Famous Short Quotes To Live By can be powerful reminders to live our lives to the fullest and make the most of every moment.</description></item><item><title>Great Heartache Love Quotes of all time Don t miss out</title><link>https://buywedding1.netlify.app/heartache-love-quotes/</link><pubDate>Thu, 25 Jul 2024 00:00:00 +0000</pubDate><guid>https://buywedding1.netlify.app/heartache-love-quotes/</guid><description>Heartache Love Quotes are one of the most relatable topics that touch the hearts of millions around the world. Heartache is a feeling that everyone experiences at least once in their lifetime.</description></item><item><title>Top Bane Darkness Quote of all time The ultimate guide</title><link>https://buywedding1.netlify.app/bane-darkness-quote/</link><pubDate>Wed, 24 Jul 2024 00:00:00 +0000</pubDate><guid>https://buywedding1.netlify.app/bane-darkness-quote/</guid><description>The iconic quote &amp;ldquo;You think darkness is your ally, but you merely adopted the dark. I was born in it, molded by it&amp;rdquo; from the movie The Dark Knight Rises has been part of pop culture since its release.</description></item><item><title> Flirty Quotes For Eyes of all time Learn more here</title><link>https://buywedding1.netlify.app/flirty-quotes-for-eyes/</link><pubDate>Tue, 23 Jul 2024 00:00:00 +0000</pubDate><guid>https://buywedding1.netlify.app/flirty-quotes-for-eyes/</guid><description>Have you ever heard of flirty quotes for eyes? If not, you might be missing out on a great way to compliment someone you admire.</description></item><item><title>Amazing Akeelah And The Bee Quote of all time Learn more here</title><link>https://buywedding1.netlify.app/akeelah-and-the-bee-quote/</link><pubDate>Mon, 22 Jul 2024 00:00:00 +0000</pubDate><guid>https://buywedding1.netlify.app/akeelah-and-the-bee-quote/</guid><description>Akeelah And The Bee Quote is a powerful statement that has inspired many people around the world. The quote is from the popular movie &amp;ldquo;Akeelah and The Bee&amp;rdquo;, which tells the story of a young girl who overcomes the odds to become a spelling bee champion.</description></item><item><title>Amazing Don t Doubt My Love Quotes in 2023 The ultimate guide</title><link>https://buywedding1.netlify.app/dont-doubt-my-love-quotes/</link><pubDate>Mon, 22 Jul 2024 00:00:00 +0000</pubDate><guid>https://buywedding1.netlify.app/dont-doubt-my-love-quotes/</guid><description>Don&amp;rsquo;t Doubt My Love Quotes have been around for ages and continue to provide solace and comfort to those who need it.</description></item><item><title>Great Bhairav Hd Wallpaper in the year 2023 Check it out now</title><link>https://buywedding1.netlify.app/bhairav-hd-wallpaper/</link><pubDate>Mon, 22 Jul 2024 00:00:00 +0000</pubDate><guid>https://buywedding1.netlify.app/bhairav-hd-wallpaper/</guid><description>Bhairav Hd Wallpaper is a popular search term for those looking for high-quality wallpapers of Lord Bhairav. Lord Bhairav is known as a destroyer of negative energies, and his worship is believed to protect against evil forces.</description></item><item><title> Tragic Hero Quotes Oedipus Rex in the world The ultimate guide</title><link>https://buywedding1.netlify.app/tragic-hero-quotes-oedipus-rex/</link><pubDate>Fri, 19 Jul 2024 00:00:00 +0000</pubDate><guid>https://buywedding1.netlify.app/tragic-hero-quotes-oedipus-rex/</guid><description>Oedipus Rex, one of the greatest tragedies of Greek literature, is full of quotes and phrases that have become a part of modern language.</description></item><item><title>Top Walt Whitman Quotes Youth in the world Learn more here</title><link>https://buywedding1.netlify.app/walt-whitman-quotes-youth/</link><pubDate>Fri, 19 Jul 2024 00:00:00 +0000</pubDate><guid>https://buywedding1.netlify.app/walt-whitman-quotes-youth/</guid><description>If you&amp;rsquo;re a fan of poetry, chances are you&amp;rsquo;ve heard of Walt Whitman. He&amp;rsquo;s known for his beautifully crafted verses that speak to the soul.</description></item><item><title>Great Orchid Bloom Quotes of all time Learn more here</title><link>https://buywedding1.netlify.app/orchid-bloom-quotes/</link><pubDate>Thu, 18 Jul 2024 00:00:00 +0000</pubDate><guid>https://buywedding1.netlify.app/orchid-bloom-quotes/</guid><description>Orchid bloom quotes are a source of inspiration for many who appreciate the effortless elegance and beauty of the orchid flower.</description></item><item><title>Best Shawshank Redemption Quotes Red Check it out now</title><link>https://buywedding1.netlify.app/shawshank-redemption-quotes-red/</link><pubDate>Wed, 17 Jul 2024 00:00:00 +0000</pubDate><guid>https://buywedding1.netlify.app/shawshank-redemption-quotes-red/</guid><description>The Shawshank Redemption is an emotionally moving story of two men who found redemption in the most unlikely place - prison.</description></item><item><title>Best Happy New Month Quotes For June Check it out now</title><link>https://buywedding1.netlify.app/happy-new-month-quotes-for-june/</link><pubDate>Tue, 16 Jul 2024 00:00:00 +0000</pubDate><guid>https://buywedding1.netlify.app/happy-new-month-quotes-for-june/</guid><description>If you&amp;rsquo;re looking for a way to kick off the start of June, Happy New Month Quotes For June could be exactly what you need.</description></item><item><title>Top Cody Rigsby Britney Quotes in the world Don t miss out</title><link>https://buywedding1.netlify.app/cody-rigsby-britney-quotes/</link><pubDate>Tue, 16 Jul 2024 00:00:00 +0000</pubDate><guid>https://buywedding1.netlify.app/cody-rigsby-britney-quotes/</guid><description>If you are a fan of Cody Rigsby and Britney Spears, then you have probably come across some of the most inspiring Cody Rigsby Britney Quotes that have left you feeling energized and empowered.</description></item><item><title>Top Johnny Depp Quotes Images Hd in 2023 The ultimate guide</title><link>https://buywedding1.netlify.app/johnny-depp-quotes-images-hd/</link><pubDate>Mon, 15 Jul 2024 00:00:00 +0000</pubDate><guid>https://buywedding1.netlify.app/johnny-depp-quotes-images-hd/</guid><description>If you are a fan of Johnny Depp, then getting inspired by his quotes is what you need to do. Luckily, there are plenty of Johnny Depp quotes images in HD that will give you the motivation you need to lead an amazing life.</description></item><item><title> Bernard Shaw Quotes On Marriage in the world Check it out now</title><link>https://buywedding1.netlify.app/bernard-shaw-quotes-on-marriage/</link><pubDate>Sun, 14 Jul 2024 00:00:00 +0000</pubDate><guid>https://buywedding1.netlify.app/bernard-shaw-quotes-on-marriage/</guid><description>Bernard Shaw, a prominent playwright, critic, and political activist, was known for his witty and insightful commentary on society. His quotes on marriage are no exception, providing a unique perspective on the institution that has been the cornerstone of society for centuries.</description></item><item><title> Free Automobile Insurance Quotes Online in the world Check it out now</title><link>https://buywedding1.netlify.app/free-automobile-insurance-quotes-online/</link><pubDate>Sun, 14 Jul 2024 00:00:00 +0000</pubDate><guid>https://buywedding1.netlify.app/free-automobile-insurance-quotes-online/</guid><description>Are you tired of spending hours on the phone with insurance companies, trying to find the best deal for your automobile insurance?</description></item><item><title> Christmas Story Leg Lamp Quotes in the year 2023 Don t miss out</title><link>https://buywedding1.netlify.app/christmas-story-leg-lamp-quotes/</link><pubDate>Fri, 12 Jul 2024 00:00:00 +0000</pubDate><guid>https://buywedding1.netlify.app/christmas-story-leg-lamp-quotes/</guid><description>Are you a fan of the holiday classic &amp;ldquo;A Christmas Story&amp;rdquo;? Do you love the iconic Leg Lamp featured in the movie?</description></item><item><title> Carl Spackler Quotes Check it out now</title><link>https://buywedding1.netlify.app/carl-spackler-quotes/</link><pubDate>Thu, 11 Jul 2024 00:00:00 +0000</pubDate><guid>https://buywedding1.netlify.app/carl-spackler-quotes/</guid><description>Carl Spackler is an iconic character played by Bill Murray in the golf comedy film, Caddyshack, who has a plethora of famous quotes.</description></item><item><title>Best Funny Quotes About Strength Quotesgram in the year 2023 Don t miss out</title><link>https://buywedding1.netlify.app/funny-quotes-about-strength-quotesgram/</link><pubDate>Wed, 10 Jul 2024 00:00:00 +0000</pubDate><guid>https://buywedding1.netlify.app/funny-quotes-about-strength-quotesgram/</guid><description>Funny quotes are a great way to lighten up someone&amp;rsquo;s day, especially when they are about strength. Strength is a crucial aspect of life that we all need to possess, whether it be physical or mental.</description></item><item><title> Buffalo Bill Silence Of The Lambs Quotes in the year 2023 The ultimate guide</title><link>https://buywedding1.netlify.app/buffalo-bill-silence-of-the-lambs-quotes/</link><pubDate>Tue, 09 Jul 2024 00:00:00 +0000</pubDate><guid>https://buywedding1.netlify.app/buffalo-bill-silence-of-the-lambs-quotes/</guid><description>Silence of the Lambs is a classic thriller movie that keeps viewers on the edge of their seats from start to finish.</description></item><item><title> Wedding Anniversary Quotes Spiritual of all time The ultimate guide</title><link>https://buywedding1.netlify.app/wedding-anniversary-quotes-spiritual/</link><pubDate>Tue, 09 Jul 2024 00:00:00 +0000</pubDate><guid>https://buywedding1.netlify.app/wedding-anniversary-quotes-spiritual/</guid><description>Wedding anniversaries are important milestones in a couple&amp;rsquo;s life, and what better way to celebrate than with spiritual quotes that capture the essence of love and commitment.</description></item></channel></rss>