<?xml version="1.0" encoding="utf-8" standalone="yes"?><rss version="2.0" xmlns:atom="http://www.w3.org/2005/Atom"><channel><title>quote on buywedding1</title><link>https://buywedding1.netlify.app/tags/quote/</link><description>Recent content in quote on buywedding1</description><generator>Hugo -- gohugo.io</generator><lastBuildDate>Thu, 01 Aug 2024 00:00:00 +0000</lastBuildDate><atom:link href="https://buywedding1.netlify.app/tags/quote/rss.xml" rel="self" type="application/rss+xml"/><item><title>Amazing Happy Fathers Day Brother Quotes in the world Learn more here</title><link>https://buywedding1.netlify.app/happy-fathers-day-brother-quotes/</link><pubDate>Thu, 01 Aug 2024 00:00:00 +0000</pubDate><guid>https://buywedding1.netlify.app/happy-fathers-day-brother-quotes/</guid><description>Happy Father&amp;rsquo;s Day is a special day to recognize and appreciate the love and sacrifices of our fathers. It is a day to cherish the bond between fathers and children.</description></item><item><title>Best Apeach Kakao Desktop Wallpaper The ultimate guide</title><link>https://buywedding1.netlify.app/apeach-kakao-desktop-wallpaper/</link><pubDate>Sat, 27 Jul 2024 00:00:00 +0000</pubDate><guid>https://buywedding1.netlify.app/apeach-kakao-desktop-wallpaper/</guid><description>If you&amp;rsquo;re looking to spice up your desktop background, Apeach Kakao Desktop Wallpaper might be just what you need. These adorable wallpapers featuring Apeach and other Kakao Friends characters are the perfect way to bring some fun and cuteness to your computer screen.</description></item><item><title>Great Geico Car Insurance Quote Calculator of all time Learn more here</title><link>https://buywedding1.netlify.app/geico-car-insurance-quote-calculator/</link><pubDate>Sat, 27 Jul 2024 00:00:00 +0000</pubDate><guid>https://buywedding1.netlify.app/geico-car-insurance-quote-calculator/</guid><description>Are you in the market for car insurance? With so many options available, it can be overwhelming to choose the right one.</description></item><item><title>Best Famous Short Quotes To Live By of all time Check it out now</title><link>https://buywedding1.netlify.app/famous-short-quotes-to-live-by/</link><pubDate>Thu, 25 Jul 2024 00:00:00 +0000</pubDate><guid>https://buywedding1.netlify.app/famous-short-quotes-to-live-by/</guid><description>Famous Short Quotes To Live By can be powerful reminders to live our lives to the fullest and make the most of every moment.</description></item><item><title>Top Bane Darkness Quote of all time The ultimate guide</title><link>https://buywedding1.netlify.app/bane-darkness-quote/</link><pubDate>Wed, 24 Jul 2024 00:00:00 +0000</pubDate><guid>https://buywedding1.netlify.app/bane-darkness-quote/</guid><description>The iconic quote &amp;ldquo;You think darkness is your ally, but you merely adopted the dark. I was born in it, molded by it&amp;rdquo; from the movie The Dark Knight Rises has been part of pop culture since its release.</description></item><item><title> Flirty Quotes For Eyes of all time Learn more here</title><link>https://buywedding1.netlify.app/flirty-quotes-for-eyes/</link><pubDate>Tue, 23 Jul 2024 00:00:00 +0000</pubDate><guid>https://buywedding1.netlify.app/flirty-quotes-for-eyes/</guid><description>Have you ever heard of flirty quotes for eyes? If not, you might be missing out on a great way to compliment someone you admire.</description></item><item><title>Amazing Akeelah And The Bee Quote of all time Learn more here</title><link>https://buywedding1.netlify.app/akeelah-and-the-bee-quote/</link><pubDate>Mon, 22 Jul 2024 00:00:00 +0000</pubDate><guid>https://buywedding1.netlify.app/akeelah-and-the-bee-quote/</guid><description>Akeelah And The Bee Quote is a powerful statement that has inspired many people around the world. The quote is from the popular movie &amp;ldquo;Akeelah and The Bee&amp;rdquo;, which tells the story of a young girl who overcomes the odds to become a spelling bee champion.</description></item><item><title>Great Bhairav Hd Wallpaper in the year 2023 Check it out now</title><link>https://buywedding1.netlify.app/bhairav-hd-wallpaper/</link><pubDate>Mon, 22 Jul 2024 00:00:00 +0000</pubDate><guid>https://buywedding1.netlify.app/bhairav-hd-wallpaper/</guid><description>Bhairav Hd Wallpaper is a popular search term for those looking for high-quality wallpapers of Lord Bhairav. Lord Bhairav is known as a destroyer of negative energies, and his worship is believed to protect against evil forces.</description></item><item><title>Great Orchid Bloom Quotes of all time Learn more here</title><link>https://buywedding1.netlify.app/orchid-bloom-quotes/</link><pubDate>Thu, 18 Jul 2024 00:00:00 +0000</pubDate><guid>https://buywedding1.netlify.app/orchid-bloom-quotes/</guid><description>Orchid bloom quotes are a source of inspiration for many who appreciate the effortless elegance and beauty of the orchid flower.</description></item><item><title>Best Shawshank Redemption Quotes Red Check it out now</title><link>https://buywedding1.netlify.app/shawshank-redemption-quotes-red/</link><pubDate>Wed, 17 Jul 2024 00:00:00 +0000</pubDate><guid>https://buywedding1.netlify.app/shawshank-redemption-quotes-red/</guid><description>The Shawshank Redemption is an emotionally moving story of two men who found redemption in the most unlikely place - prison.</description></item><item><title>Top Johnny Depp Quotes Images Hd in 2023 The ultimate guide</title><link>https://buywedding1.netlify.app/johnny-depp-quotes-images-hd/</link><pubDate>Mon, 15 Jul 2024 00:00:00 +0000</pubDate><guid>https://buywedding1.netlify.app/johnny-depp-quotes-images-hd/</guid><description>If you are a fan of Johnny Depp, then getting inspired by his quotes is what you need to do. Luckily, there are plenty of Johnny Depp quotes images in HD that will give you the motivation you need to lead an amazing life.</description></item><item><title> Bernard Shaw Quotes On Marriage in the world Check it out now</title><link>https://buywedding1.netlify.app/bernard-shaw-quotes-on-marriage/</link><pubDate>Sun, 14 Jul 2024 00:00:00 +0000</pubDate><guid>https://buywedding1.netlify.app/bernard-shaw-quotes-on-marriage/</guid><description>Bernard Shaw, a prominent playwright, critic, and political activist, was known for his witty and insightful commentary on society. His quotes on marriage are no exception, providing a unique perspective on the institution that has been the cornerstone of society for centuries.</description></item><item><title> Free Automobile Insurance Quotes Online in the world Check it out now</title><link>https://buywedding1.netlify.app/free-automobile-insurance-quotes-online/</link><pubDate>Sun, 14 Jul 2024 00:00:00 +0000</pubDate><guid>https://buywedding1.netlify.app/free-automobile-insurance-quotes-online/</guid><description>Are you tired of spending hours on the phone with insurance companies, trying to find the best deal for your automobile insurance?</description></item><item><title> Christmas Story Leg Lamp Quotes in the year 2023 Don t miss out</title><link>https://buywedding1.netlify.app/christmas-story-leg-lamp-quotes/</link><pubDate>Fri, 12 Jul 2024 00:00:00 +0000</pubDate><guid>https://buywedding1.netlify.app/christmas-story-leg-lamp-quotes/</guid><description>Are you a fan of the holiday classic &amp;ldquo;A Christmas Story&amp;rdquo;? Do you love the iconic Leg Lamp featured in the movie?</description></item><item><title> Buffalo Bill Silence Of The Lambs Quotes in the year 2023 The ultimate guide</title><link>https://buywedding1.netlify.app/buffalo-bill-silence-of-the-lambs-quotes/</link><pubDate>Tue, 09 Jul 2024 00:00:00 +0000</pubDate><guid>https://buywedding1.netlify.app/buffalo-bill-silence-of-the-lambs-quotes/</guid><description>Silence of the Lambs is a classic thriller movie that keeps viewers on the edge of their seats from start to finish.</description></item><item><title>Great To Kill A Mockingbird Chapter 9 10 Quotes Learn more here</title><link>https://buywedding1.netlify.app/to-kill-a-mockingbird-chapter-9-10-quotes/</link><pubDate>Mon, 08 Jul 2024 00:00:00 +0000</pubDate><guid>https://buywedding1.netlify.app/to-kill-a-mockingbird-chapter-9-10-quotes/</guid><description>To Kill A Mockingbird is a literary masterpiece that has touched the lives of countless people worldwide. It is a story of racial injustice, moral courage, and the resilience of the human spirit.</description></item><item><title>Top Natural Background Wallpaper Free Download in 2023 Learn more here</title><link>https://buywedding1.netlify.app/natural-background-wallpaper-free-download/</link><pubDate>Mon, 08 Jul 2024 00:00:00 +0000</pubDate><guid>https://buywedding1.netlify.app/natural-background-wallpaper-free-download/</guid><description>If you&amp;rsquo;re someone who loves to have a beautiful and soothing natural background wallpaper on your computer or phone, you know that finding the perfect one can be a hassle.</description></item><item><title> Shego Quotes Don t miss out</title><link>https://buywedding1.netlify.app/shego-quotes/</link><pubDate>Fri, 05 Jul 2024 00:00:00 +0000</pubDate><guid>https://buywedding1.netlify.app/shego-quotes/</guid><description>Are you a fan of Shego from Kim Possible? Do you find her sarcastic humor and quick wit to be inspiring?</description></item><item><title> So Happy Now Quotes of the decade The ultimate guide</title><link>https://buywedding1.netlify.app/so-happy-now-quotes/</link><pubDate>Thu, 04 Jul 2024 00:00:00 +0000</pubDate><guid>https://buywedding1.netlify.app/so-happy-now-quotes/</guid><description>Are you feeling down? Are you tired of constantly chasing happiness? Look no further than so happy now quotes! These uplifting quotes will help shift your mindset to focus on the present moment and find joy in the simple things in life.</description></item><item><title>Great Farmer Fran Quotes of the decade Learn more here</title><link>https://buywedding1.netlify.app/farmer-fran-quotes/</link><pubDate>Wed, 03 Jul 2024 00:00:00 +0000</pubDate><guid>https://buywedding1.netlify.app/farmer-fran-quotes/</guid><description>Farmers are an essential part of our society, and we owe them a lot. They work hard every day, come rain or shine, to provide us with food.</description></item><item><title>Amazing Quotes Aquarius Zodiac of all time The ultimate guide</title><link>https://buywedding1.netlify.app/quotes-aquarius-zodiac/</link><pubDate>Tue, 02 Jul 2024 00:00:00 +0000</pubDate><guid>https://buywedding1.netlify.app/quotes-aquarius-zodiac/</guid><description>Are you an Aquarius looking for inspiration? Look no further than Quotes Aquarius Zodiac! With these wise and insightful quotes, you&amp;rsquo;ll feel a deeper connection to your zodiac sign and find guidance for navigating life&amp;rsquo;s ups and downs.</description></item><item><title>Amazing Dr Seuss Quotes About Life of the decade Learn more here</title><link>https://buywedding1.netlify.app/dr-seuss-quotes-about-life/</link><pubDate>Mon, 01 Jul 2024 00:00:00 +0000</pubDate><guid>https://buywedding1.netlify.app/dr-seuss-quotes-about-life/</guid><description>Dr Seuss was a beloved American children&amp;rsquo;s author who left behind a legacy of inspirational quotes that continue to resonate today.</description></item><item><title> Bing Desktop Wallpaper Today in the year 2023 The ultimate guide</title><link>https://buywedding1.netlify.app/bing-desktop-wallpaper-today/</link><pubDate>Sun, 30 Jun 2024 00:00:00 +0000</pubDate><guid>https://buywedding1.netlify.app/bing-desktop-wallpaper-today/</guid><description>If you are a fan of changing the look of your desktop frequently, then it&amp;rsquo;s essential to know about Bing Desktop Wallpaper Today.</description></item><item><title>Best Today Quotes Funny of the decade Learn more here</title><link>https://buywedding1.netlify.app/today-quotes-funny/</link><pubDate>Sun, 30 Jun 2024 00:00:00 +0000</pubDate><guid>https://buywedding1.netlify.app/today-quotes-funny/</guid><description>Are you having a bad day? Do you need a laugh or a bit of humor to brighten up your day?</description></item><item><title>Great How To Embed A Quote of the decade The ultimate guide</title><link>https://buywedding1.netlify.app/how-to-embed-a-quote/</link><pubDate>Fri, 28 Jun 2024 00:00:00 +0000</pubDate><guid>https://buywedding1.netlify.app/how-to-embed-a-quote/</guid><description>Have you ever been reading an article or essay and come across a particularly insightful quote that you wanted to share with others?</description></item><item><title>Best Happy Bff Day Quotes Don t miss out</title><link>https://buywedding1.netlify.app/happy-bff-day-quotes/</link><pubDate>Sun, 23 Jun 2024 00:00:00 +0000</pubDate><guid>https://buywedding1.netlify.app/happy-bff-day-quotes/</guid><description>Happy Bff Day Quotes: Celebrating Friendship in the Best Possible Way
Friendship is one of the most treasured relationships in the world, and every year we have a day dedicated to celebrating it.</description></item><item><title> Lord Of The Flies Conch Quotes of the decade Check it out now</title><link>https://buywedding1.netlify.app/lord-of-the-flies-conch-quotes/</link><pubDate>Tue, 18 Jun 2024 00:00:00 +0000</pubDate><guid>https://buywedding1.netlify.app/lord-of-the-flies-conch-quotes/</guid><description>Lord Of The Flies is a classic novel that explores the theme of savagery versus civilization. One of the most iconic symbols in the book is the conch shell.</description></item><item><title>Amazing Honesty Quotes In Islam of the decade Don t miss out</title><link>https://buywedding1.netlify.app/honesty-quotes-in-islam/</link><pubDate>Mon, 17 Jun 2024 00:00:00 +0000</pubDate><guid>https://buywedding1.netlify.app/honesty-quotes-in-islam/</guid><description>Honesty is one of the most cherished values in Islam. It is a quality that is emphasized and encouraged in every aspect of life, from personal relationships to business dealings.</description></item><item><title>Great Milan Kundera Quotes of all time The ultimate guide</title><link>https://buywedding1.netlify.app/milan-kundera-quotes/</link><pubDate>Sun, 16 Jun 2024 00:00:00 +0000</pubDate><guid>https://buywedding1.netlify.app/milan-kundera-quotes/</guid><description>Milan Kundera is widely regarded as one of the greatest authors of the 20th century. His books have been translated into over 40 languages and have sold millions of copies worldwide.</description></item><item><title>Top Happy Diwali Wallpaper Free Download of all time The ultimate guide</title><link>https://buywedding1.netlify.app/happy-diwali-wallpaper-free-download/</link><pubDate>Wed, 12 Jun 2024 00:00:00 +0000</pubDate><guid>https://buywedding1.netlify.app/happy-diwali-wallpaper-free-download/</guid><description>As the festive season approaches, everyone is getting excited about celebrating Diwali with joy and happiness. One of the best ways to make your Diwali celebration more special is by having a beautiful Diwali wallpaper on your phone or computer screen.</description></item></channel></rss>